"707","Sport-100 Helmet, Red","Red","34.99"
"708","Sport-100 Helmet, Black","Black","34.99"
"709","Mountain Bike Socks, M","White","9.5"
"710","Mountain Bike Socks, L","White","9.5"
"711","Sport-100 Helmet, Blue","Blue","34.99"
"712","AWC Logo Cap","Multi","8.99"
"713","Long-Sleeve Logo Jersey, S","Multi","49.99"
"714","Long-Sleeve Logo Jersey, M","Multi","49.99"
"715","Long-Sleeve Logo Jersey, L","Multi","49.99"
"716","Long-Sleeve Logo Jersey, XL","Multi","49.99"
"717","HL Road Frame - Red, 62","Red","1431.5"
"718","HL Road Frame - Red, 44","Red","1431.5"
"719","HL Road Frame - Red, 48","Red","1431.5"
"722","LL Road Frame - Black, 58","Black","337.22"
"723","LL Road Frame - Black, 60","Black","337.22"
"725","LL Road Frame - Red, 44","Red","337.22"
"726","LL Road Frame - Red, 48","Red","337.22"
"727","LL Road Frame - Red, 52","Red","337.22"
"729","LL Road Frame - Red, 60","Red","337.22"
"730","LL Road Frame - Red, 62","Red","337.22"
"732","ML Road Frame - Red, 48","Red","594.83"
"733","ML Road Frame - Red, 52","Red","594.83"
"736","LL Road Frame - Black, 44","Black","337.22"
"738","LL Road Frame - Black, 52","Black","337.22"
"739","HL Mountain Frame - Silver, 42","Silver","1364.5"
"741","HL Mountain Frame - Silver, 48","Silver","1364.5"
"742","HL Mountain Frame - Silver, 46","Silver","1364.5"
"743","HL Mountain Frame - Black, 42","Black","1349.6"
"744","HL Mountain Frame - Black, 44","Black","1349.6"
"745","HL Mountain Frame - Black, 48","Black","1349.6"
"747","HL Mountain Frame - Black, 38","Black","1349.6"
"748","HL Mountain Frame - Silver, 38","Silver","1364.5"
"749","Road-150 Red, 62","Red","3578.27"
"750","Road-150 Red, 44","Red","3578.27"
"751","Road-150 Red, 48","Red","3578.27"
"752","Road-150 Red, 52","Red","3578.27"
"753","Road-150 Red, 56","Red","3578.27"
"754","Road-450 Red, 58","Red","1457.99"
"755","Road-450 Red, 60","Red","1457.99"
"756","Road-450 Red, 44","Red","1457.99"
"757","Road-450 Red, 48","Red","1457.99"
"758","Road-450 Red, 52","Red","1457.99"
"759","Road-650 Red, 58","Red","782.99"
"760","Road-650 Red, 60","Red","782.99"
"761","Road-650 Red, 62","Red","782.99"
"762","Road-650 Red, 44","Red","782.99"
"763","Road-650 Red, 48","Red","782.99"
"764","Road-650 Red, 52","Red","782.99"
"765","Road-650 Black, 58","Black","782.99"
"766","Road-650 Black, 60","Black","782.99"
"767","Road-650 Black, 62","Black","782.99"
"768","Road-650 Black, 44","Black","782.99"
"769","Road-650 Black, 48","Black","782.99"
"770","Road-650 Black, 52","Black","782.99"
"771","Mountain-100 Silver, 38","Silver","3399.99"
"772","Mountain-100 Silver, 42","Silver","3399.99"
"773","Mountain-100 Silver, 44","Silver","3399.99"
"774","Mountain-100 Silver, 48","Silver","3399.99"
"775","Mountain-100 Black, 38","Black","3374.99"
"776","Mountain-100 Black, 42","Black","3374.99"
"777","Mountain-100 Black, 44","Black","3374.99"
"778","Mountain-100 Black, 48","Black","3374.99"
"779","Mountain-200 Silver, 38","Silver","2319.99"
"780","Mountain-200 Silver, 42","Silver","2319.99"
"781","Mountain-200 Silver, 46","Silver","2319.99"
"782","Mountain-200 Black, 38","Black","2294.99"
"783","Mountain-200 Black, 42","Black","2294.99"
"784","Mountain-200 Black, 46","Black","2294.99"
"785","Mountain-300 Black, 38","Black","1079.99"
"786","Mountain-300 Black, 40","Black","1079.99"
"787","Mountain-300 Black, 44","Black","1079.99"
"788","Mountain-300 Black, 48","Black","1079.99"
"789","Road-250 Red, 44","Red","2443.35"
"790","Road-250 Red, 48","Red","2443.35"
"791","Road-250 Red, 52","Red","2443.35"
"792","Road-250 Red, 58","Red","2443.35"
"793","Road-250 Black, 44","Black","2443.35"
"794","Road-250 Black, 48","Black","2443.35"
"795","Road-250 Black, 52","Black","2443.35"
"796","Road-250 Black, 58","Black","2443.35"
"797","Road-550-W Yellow, 38","Yellow","1120.49"
"798","Road-550-W Yellow, 40","Yellow","1120.49"
"799","Road-550-W Yellow, 42","Yellow","1120.49"
"800","Road-550-W Yellow, 44","Yellow","1120.49"
"801","Road-550-W Yellow, 48","Yellow","1120.49"
"802","LL Fork",\N,"148.22"
"804","HL Fork",\N,"229.49"
"805","LL Headset",\N,"34.2"
"806","ML Headset",\N,"102.29"
"807","HL Headset",\N,"124.73"
"808","LL Mountain Handlebars",\N,"44.54"
"809","ML Mountain Handlebars",\N,"61.92"
"810","HL Mountain Handlebars",\N,"120.27"
"811","LL Road Handlebars",\N,"44.54"
"813","HL Road Handlebars",\N,"120.27"
"814","ML Mountain Frame - Black, 38","Black","348.76"
"815","LL Mountain Front Wheel","Black","60.745"
"816","ML Mountain Front Wheel","Black","209.025"
"817","HL Mountain Front Wheel","Black","300.215"
"819","ML Road Front Wheel","Black","248.385"
"820","HL Road Front Wheel","Black","330.06"
"822","ML Road Frame-W - Yellow, 38","Yellow","594.83"
"823","LL Mountain Rear Wheel","Black","87.745"
"824","ML Mountain Rear Wheel","Black","236.025"
"825","HL Mountain Rear Wheel","Black","327.215"
"826","LL Road Rear Wheel","Black","112.565"
"827","ML Road Rear Wheel","Black","275.385"
"828","HL Road Rear Wheel","Black","357.06"
"830","ML Mountain Frame - Black, 40","Black","348.76"
"831","ML Mountain Frame - Black, 44","Black","348.76"
"832","ML Mountain Frame - Black, 48","Black","348.76"
"833","ML Road Frame-W - Yellow, 40","Yellow","594.83"
"835","ML Road Frame-W - Yellow, 44","Yellow","594.83"
"836","ML Road Frame-W - Yellow, 48","Yellow","594.83"
"838","HL Road Frame - Black, 44","Black","1431.5"
"839","HL Road Frame - Black, 48","Black","1431.5"
"841","Men's Sports Shorts, S","Black","59.99"
"843","Cable Lock",\N,"25"
"844","Minipump",\N,"19.99"
"849","Men's Sports Shorts, M","Black","59.99"
"850","Men's Sports Shorts, L","Black","59.99"
"852","Women's Tights, S","Black","74.99"
"853","Women's Tights, M","Black","74.99"
"854","Women's Tights, L","Black","74.99"
"855","Men's Bib-Shorts, S","Multi","89.99"
"856","Men's Bib-Shorts, M","Multi","89.99"
"857","Men's Bib-Shorts, L","Multi","89.99"
"858","Half-Finger Gloves, S","Black","24.49"
"859","Half-Finger Gloves, M","Black","24.49"
"860","Half-Finger Gloves, L","Black","24.49"
"861","Full-Finger Gloves, S","Black","37.99"
"862","Full-Finger Gloves, M","Black","37.99"
"863","Full-Finger Gloves, L","Black","37.99"
"864","Classic Vest, S","Blue","63.5"
"865","Classic Vest, M","Blue","63.5"
"866","Classic Vest, L","Blue","63.5"
"867","Women's Mountain Shorts, S","Black","69.99"
"868","Women's Mountain Shorts, M","Black","69.99"
"869","Women's Mountain Shorts, L","Black","69.99"
"870","Water Bottle - 30 oz.",\N,"4.99"
"871","Mountain Bottle Cage",\N,"9.99"
"872","Road Bottle Cage",\N,"8.99"
"873","Patch Kit/8 Patches",\N,"2.29"
"874","Racing Socks, M","White","8.99"
"875","Racing Socks, L","White","8.99"
"876","Hitch Rack - 4-Bike",\N,"120"
"877","Bike Wash - Dissolver",\N,"7.95"
"878","Fender Set - Mountain",\N,"21.98"
"879","All-Purpose Bike Stand",\N,"159"
"880","Hydration Pack - 70 oz.","Silver","54.99"
"881","Short-Sleeve Classic Jersey, S","Yellow","53.99"
"882","Short-Sleeve Classic Jersey, M","Yellow","53.99"
"883","Short-Sleeve Classic Jersey, L","Yellow","53.99"
"884","Short-Sleeve Classic Jersey, XL","Yellow","53.99"
"885","HL Touring Frame - Yellow, 60","Yellow","1003.91"
"886","LL Touring Frame - Yellow, 62","Yellow","333.42"
"887","HL Touring Frame - Yellow, 46","Yellow","1003.91"
"888","HL Touring Frame - Yellow, 50","Yellow","1003.91"
"889","HL Touring Frame - Yellow, 54","Yellow","1003.91"
"890","HL Touring Frame - Blue, 46","Blue","1003.91"
"891","HL Touring Frame - Blue, 50","Blue","1003.91"
"892","HL Touring Frame - Blue, 54","Blue","1003.91"
"893","HL Touring Frame - Blue, 60","Blue","1003.91"
"894","Rear Derailleur","Silver","121.46"
"895","LL Touring Frame - Blue, 50","Blue","333.42"
"896","LL Touring Frame - Blue, 54","Blue","333.42"
"897","LL Touring Frame - Blue, 58","Blue","333.42"
"898","LL Touring Frame - Blue, 62","Blue","333.42"
"899","LL Touring Frame - Yellow, 44","Yellow","333.42"
"900","LL Touring Frame - Yellow, 50","Yellow","333.42"
"902","LL Touring Frame - Yellow, 58","Yellow","333.42"
"903","LL Touring Frame - Blue, 44","Blue","333.42"
"904","ML Mountain Frame-W - Silver, 40","Silver","364.09"
"905","ML Mountain Frame-W - Silver, 42","Silver","364.09"
"906","ML Mountain Frame-W - Silver, 46","Silver","364.09"
"907","Rear Brakes","Silver","106.5"
"908","LL Mountain Seat/Saddle",\N,"27.12"
"909","ML Mountain Seat/Saddle",\N,"39.14"
"910","HL Mountain Seat/Saddle",\N,"52.64"
"911","LL Road Seat/Saddle",\N,"27.12"
"913","HL Road Seat/Saddle",\N,"52.64"
"914","LL Touring Seat/Saddle",\N,"27.12"
"915","ML Touring Seat/Saddle",\N,"39.14"
"916","HL Touring Seat/Saddle",\N,"52.64"
"917","LL Mountain Frame - Silver, 42","Silver","264.05"
"918","LL Mountain Frame - Silver, 44","Silver","264.05"
"919","LL Mountain Frame - Silver, 48","Silver","264.05"
"920","LL Mountain Frame - Silver, 52","Silver","264.05"
"921","Mountain Tire Tube",\N,"4.99"
"922","Road Tire Tube",\N,"3.99"
"923","Touring Tire Tube",\N,"4.99"
"924","LL Mountain Frame - Black, 42","Black","249.79"
"925","LL Mountain Frame - Black, 44","Black","249.79"
"926","LL Mountain Frame - Black, 48","Black","249.79"
"927","LL Mountain Frame - Black, 52","Black","249.79"
"928","LL Mountain Tire",\N,"24.99"
"929","ML Mountain Tire",\N,"29.99"
"930","HL Mountain Tire",\N,"35"
"931","LL Road Tire",\N,"21.49"
"932","ML Road Tire",\N,"24.99"
"933","HL Road Tire",\N,"32.6"
"934","Touring Tire",\N,"28.99"
"935","LL Mountain Pedal","Silver/Black","40.49"
"936","ML Mountain Pedal","Silver/Black","62.09"
"937","HL Mountain Pedal","Silver/Black","80.99"
"938","LL Road Pedal","Silver/Black","40.49"
"939","ML Road Pedal","Silver/Black","62.09"
"940","HL Road Pedal","Silver/Black","80.99"
"941","Touring Pedal","Silver/Black","80.99"
"942","ML Mountain Frame-W - Silver, 38","Silver","364.09"
"943","LL Mountain Frame - Black, 40","Black","249.79"
"944","LL Mountain Frame - Silver, 40","Silver","264.05"
"945","Front Derailleur","Silver","91.49"
"946","LL Touring Handlebars",\N,"46.09"
"947","HL Touring Handlebars",\N,"91.57"
"948","Front Brakes","Silver","106.5"
"949","LL Crankset","Black","175.49"
"950","ML Crankset","Black","256.49"
"951","HL Crankset","Black","404.99"
"952","Chain","Silver","20.24"
"953","Touring-2000 Blue, 60","Blue","1214.85"
"954","Touring-1000 Yellow, 46","Yellow","2384.07"
"955","Touring-1000 Yellow, 50","Yellow","2384.07"
"956","Touring-1000 Yellow, 54","Yellow","2384.07"
"957","Touring-1000 Yellow, 60","Yellow","2384.07"
"958","Touring-3000 Blue, 54","Blue","742.35"
"959","Touring-3000 Blue, 58","Blue","742.35"
"960","Touring-3000 Blue, 62","Blue","742.35"
"961","Touring-3000 Yellow, 44","Yellow","742.35"
"962","Touring-3000 Yellow, 50","Yellow","742.35"
"963","Touring-3000 Yellow, 54","Yellow","742.35"
"964","Touring-3000 Yellow, 58","Yellow","742.35"
"965","Touring-3000 Yellow, 62","Yellow","742.35"
"966","Touring-1000 Blue, 46","Blue","2384.07"
"967","Touring-1000 Blue, 50","Blue","2384.07"
"968","Touring-1000 Blue, 54","Blue","2384.07"
"969","Touring-1000 Blue, 60","Blue","2384.07"
"970","Touring-2000 Blue, 46","Blue","1214.85"
"971","Touring-2000 Blue, 50","Blue","1214.85"
"972","Touring-2000 Blue, 54","Blue","1214.85"
"973","Road-350-W Yellow, 40","Yellow","1700.99"
"974","Road-350-W Yellow, 42","Yellow","1700.99"
"975","Road-350-W Yellow, 44","Yellow","1700.99"
"976","Road-350-W Yellow, 48","Yellow","1700.99"
"977","Road-750 Black, 58","Black","539.99"
"978","Touring-3000 Blue, 44","Blue","742.35"
"979","Touring-3000 Blue, 50","Blue","742.35"
"980","Mountain-400-W Silver, 38","Silver","769.49"
"981","Mountain-400-W Silver, 40","Silver","769.49"
"982","Mountain-400-W Silver, 42","Silver","769.49"
"983","Mountain-400-W Silver, 46","Silver","769.49"
"984","Mountain-500 Silver, 40","Silver","564.99"
"985","Mountain-500 Silver, 42","Silver","564.99"
"986","Mountain-500 Silver, 44","Silver","564.99"
"987","Mountain-500 Silver, 48","Silver","564.99"
"988","Mountain-500 Silver, 52","Silver","564.99"
"989","Mountain-500 Black, 40","Black","539.99"
"990","Mountain-500 Black, 42","Black","539.99"
"991","Mountain-500 Black, 44","Black","539.99"
"992","Mountain-500 Black, 48","Black","539.99"
"993","Mountain-500 Black, 52","Black","539.99"
"994","LL Bottom Bracket",\N,"53.99"
"996","HL Bottom Bracket",\N,"121.49"
"997","Road-750 Black, 44","Black","539.99"
"998","Road-750 Black, 48","Black","539.99"
"999","Road-750 Black, 52","Black","539.99"
